orderID,customerID,employeeID,orderDate,requiredDate,shippedDate,shipperID,freight,No of days of shipping,On time delivery
10249,TOMSP,6,05-07-2013,16-08-2013,10-07-2013,1,11.61,5,1
10252,SUPRD,4,09-07-2013,06-08-2013,11-07-2013,2,51.3,2,1
10250,HANAR,4,08-07-2013,05-08-2013,12-07-2013,2,65.83,4,1
10251,VICTE,3,08-07-2013,05-08-2013,15-07-2013,1,41.34,7,1
10255,RICSU,9,12-07-2013,09-08-2013,15-07-2013,3,148.33,3,1
10248,VINET,5,04-07-2013,01-08-2013,16-07-2013,3,32.38,12,1
10253,HANAR,3,10-07-2013,24-07-2013,16-07-2013,2,58.17,6,1
10256,WELLI,3,15-07-2013,12-08-2013,17-07-2013,2,13.97,2,1
10257,HILAA,4,16-07-2013,13-08-2013,22-07-2013,3,81.91,6,1
10254,CHOPS,5,11-07-2013,08-08-2013,23-07-2013,2,22.98,12,1
10258,ERNSH,1,17-07-2013,14-08-2013,23-07-2013,1,140.51,6,1
10259,CENTC,4,18-07-2013,15-08-2013,25-07-2013,3,3.25,7,1
10262,RATTC,8,22-07-2013,19-08-2013,25-07-2013,3,48.29,3,1
10260,OTTIK,4,19-07-2013,16-08-2013,29-07-2013,1,55.09,10,1
10261,QUEDE,4,19-07-2013,16-08-2013,30-07-2013,2,3.05,11,1
10263,ERNSH,9,23-07-2013,20-08-2013,31-07-2013,3,146.06,8,1
10266,WARTH,3,26-07-2013,06-09-2013,31-07-2013,3,25.73,5,1
10268,GROSR,8,30-07-2013,27-08-2013,02-08-2013,3,66.29,3,1
10270,WARTH,1,01-08-2013,29-08-2013,02-08-2013,1,136.54,1,1
10267,FRANK,4,29-07-2013,26-08-2013,06-08-2013,1,208.58,8,1
10272,RATTC,6,02-08-2013,30-08-2013,06-08-2013,2,98.03,4,1
10269,WHITC,5,31-07-2013,14-08-2013,09-08-2013,1,4.56,9,1
10275,MAGAA,1,07-08-2013,04-09-2013,09-08-2013,1,26.93,2,1
10265,BLONP,2,25-07-2013,22-08-2013,12-08-2013,1,55.28,18,1
10273,QUICK,3,05-08-2013,02-09-2013,12-08-2013,3,76.07,7,1
10277,MORGK,2,09-08-2013,06-09-2013,13-08-2013,3,125.77,4,1
10276,TORTU,8,08-08-2013,22-08-2013,14-08-2013,3,13.84,6,1
10274,VINET,6,06-08-2013,03-09-2013,16-08-2013,1,6.01,10,1
10278,BERGS,8,12-08-2013,09-09-2013,16-08-2013,2,92.69,4,1
10279,LEHMS,8,13-08-2013,10-09-2013,16-08-2013,2,25.83,3,1
10281,ROMEY,4,14-08-2013,28-08-2013,21-08-2013,1,2.94,7,1
10282,ROMEY,4,15-08-2013,12-09-2013,21-08-2013,1,12.69,6,1
10264,FOLKO,6,24-07-2013,21-08-2013,23-08-2013,3,3.67,30,0
10283,LILAS,3,16-08-2013,13-09-2013,23-08-2013,3,84.81,7,1
10285,QUICK,1,20-08-2013,17-09-2013,26-08-2013,2,76.83,6,1
10284,LEHMS,4,19-08-2013,16-09-2013,27-08-2013,1,76.56,8,1
10287,RICAR,8,22-08-2013,19-09-2013,28-08-2013,3,12.76,6,1
10289,BSBEV,7,26-08-2013,23-09-2013,28-08-2013,3,22.77,2,1
10271,SPLIR,6,01-08-2013,29-08-2013,30-08-2013,2,4.54,29,0
10286,QUICK,8,21-08-2013,18-09-2013,30-08-2013,3,229.24,9,1
10292,TRADH,1,28-08-2013,25-09-2013,02-09-2013,2,1.35,5,1
10288,REGGC,4,23-08-2013,20-09-2013,03-09-2013,1,7.45,11,1
10290,COMMI,8,27-08-2013,24-09-2013,03-09-2013,1,79.7,7,1
10291,QUEDE,6,27-08-2013,24-09-2013,04-09-2013,2,6.4,8,1
10294,RATTC,4,30-08-2013,27-09-2013,05-09-2013,2,147.26,6,1
10295,VINET,2,02-09-2013,30-09-2013,10-09-2013,2,1.15,8,1
10297,BLONP,5,04-09-2013,16-10-2013,10-09-2013,2,5.74,6,1
10293,TORTU,1,29-08-2013,26-09-2013,11-09-2013,3,21.18,13,1
10296,LILAS,6,03-09-2013,01-10-2013,11-09-2013,1,0.12,8,1
10298,HUNGO,6,05-09-2013,03-10-2013,11-09-2013,2,168.22,6,1
10280,BERGS,2,14-08-2013,11-09-2013,12-09-2013,1,8.98,29,0
10299,RICAR,4,06-09-2013,04-10-2013,13-09-2013,2,29.76,7,1
10301,WANDK,8,09-09-2013,07-10-2013,17-09-2013,2,45.08,8,1
10304,TORTU,1,12-09-2013,10-10-2013,17-09-2013,2,63.79,5,1
10300,MAGAA,2,09-09-2013,07-10-2013,18-09-2013,2,17.68,9,1
10303,GODOS,7,11-09-2013,09-10-2013,18-09-2013,2,107.83,7,1
10306,ROMEY,1,16-09-2013,14-10-2013,23-09-2013,3,7.56,7,1
10308,ANATR,7,18-09-2013,16-10-2013,24-09-2013,3,1.61,6,1
10307,LONEP,2,17-09-2013,15-10-2013,25-09-2013,2,0.56,8,1
10311,DUMON,1,20-09-2013,04-10-2013,26-09-2013,3,24.69,6,1
10310,THEBI,8,20-09-2013,18-10-2013,27-09-2013,2,17.52,7,1
10312,WANDK,2,23-09-2013,21-10-2013,03-10-2013,2,40.26,10,1
10315,ISLAT,4,26-09-2013,24-10-2013,03-10-2013,2,41.76,7,1
10313,QUICK,2,24-09-2013,22-10-2013,04-10-2013,2,1.96,10,1
10314,RATTC,1,25-09-2013,23-10-2013,04-10-2013,2,74.16,9,1
10318,ISLAT,8,01-10-2013,29-10-2013,04-10-2013,2,4.73,3,1
10316,RATTC,1,27-09-2013,25-10-2013,08-10-2013,3,150.15,11,1
10302,SUPRD,4,10-09-2013,08-10-2013,09-10-2013,2,6.27,29,0
10305,OLDWO,8,13-09-2013,11-10-2013,09-10-2013,3,257.62,26,1
10317,LONEP,6,30-09-2013,28-10-2013,10-10-2013,1,12.69,10,1
10324,SAVEA,9,08-10-2013,05-11-2013,10-10-2013,1,214.27,2,1
10319,TORTU,7,02-10-2013,30-10-2013,11-10-2013,3,64.5,9,1
10321,ISLAT,3,03-10-2013,31-10-2013,11-10-2013,2,3.43,8,1
10323,KOENE,4,07-10-2013,04-11-2013,14-10-2013,1,4.88,7,1
10325,KOENE,1,09-10-2013,23-10-2013,14-10-2013,3,64.86,5,1
10326,BOLID,4,10-10-2013,07-11-2013,14-10-2013,2,77.92,4,1
10327,FOLKO,2,11-10-2013,08-11-2013,14-10-2013,1,63.36,3,1
10328,FURIB,4,14-10-2013,11-11-2013,17-10-2013,3,87.03,3,1
10320,WARTH,5,03-10-2013,17-10-2013,18-10-2013,3,34.57,15,0
10331,BONAP,9,16-10-2013,27-11-2013,21-10-2013,1,10.19,5,1
10332,MEREP,3,17-10-2013,28-11-2013,21-10-2013,2,52.84,4,1
10309,HUNGO,3,19-09-2013,17-10-2013,23-10-2013,1,47.3,34,0
10322,PERIC,7,04-10-2013,01-11-2013,23-10-2013,3,0.4,19,1
10329,SPLIR,4,15-10-2013,26-11-2013,23-10-2013,2,191.67,8,1
10335,HUNGO,7,22-10-2013,19-11-2013,24-10-2013,2,42.11,2,1
10333,WARTH,5,18-10-2013,15-11-2013,25-10-2013,3,0.59,7,1
10336,PRINI,7,23-10-2013,20-11-2013,25-10-2013,2,15.51,2,1
10330,LILAS,3,16-10-2013,13-11-2013,28-10-2013,1,12.75,12,1
10334,VICTE,8,21-10-2013,18-11-2013,28-10-2013,2,8.56,7,1
10337,FRANK,4,24-10-2013,21-11-2013,29-10-2013,3,108.26,5,1
10338,OLDWO,4,25-10-2013,22-11-2013,29-10-2013,3,84.21,4,1
10339,MEREP,2,28-10-2013,25-11-2013,04-11-2013,2,15.66,7,1
10342,FRANK,4,30-10-2013,13-11-2013,04-11-2013,2,54.83,5,1
10341,SIMOB,7,29-10-2013,26-11-2013,05-11-2013,3,26.78,7,1
10344,WHITC,4,01-11-2013,29-11-2013,05-11-2013,2,23.29,4,1
10343,LEHMS,4,31-10-2013,28-11-2013,06-11-2013,1,110.37,6,1
10340,BONAP,1,29-10-2013,26-11-2013,08-11-2013,3,166.31,10,1
10346,RATTC,3,05-11-2013,17-12-2013,08-11-2013,3,142.08,3,1
10347,FAMIA,4,06-11-2013,04-12-2013,08-11-2013,3,3.1,2,1
10345,QUICK,2,04-11-2013,02-12-2013,11-11-2013,2,249.06,7,1
10348,WANDK,4,07-11-2013,05-12-2013,15-11-2013,2,0.78,8,1
10349,SPLIR,7,08-11-2013,06-12-2013,15-11-2013,1,8.63,7,1
10352,FURIB,3,12-11-2013,26-11-2013,18-11-2013,3,1.3,6,1
10351,ERNSH,1,11-11-2013,09-12-2013,20-11-2013,1,162.33,9,1
10354,PERIC,8,14-11-2013,12-12-2013,20-11-2013,3,53.8,6,1
10355,AROUT,6,15-11-2013,13-12-2013,20-11-2013,1,41.95,5,1
10353,PICCO,7,13-11-2013,11-12-2013,25-11-2013,3,360.63,12,1
10359,SEVES,5,21-11-2013,19-12-2013,26-11-2013,3,288.43,5,1
10356,WANDK,6,18-11-2013,16-12-2013,27-11-2013,2,36.71,9,1
10358,LAMAI,5,20-11-2013,18-12-2013,27-11-2013,1,19.64,7,1
10362,BONAP,3,25-11-2013,23-12-2013,28-11-2013,1,96.04,3,1
10357,LILAS,1,19-11-2013,17-12-2013,02-12-2013,3,34.88,13,1
10360,BLONP,4,22-11-2013,20-12-2013,02-12-2013,3,131.7,10,1
10365,ANTON,3,27-11-2013,25-12-2013,02-12-2013,2,22,5,1
10367,VAFFE,7,28-11-2013,26-12-2013,02-12-2013,3,13.55,4,1
10368,ERNSH,2,29-11-2013,27-12-2013,02-12-2013,2,101.95,3,1
10350,LAMAI,6,11-11-2013,09-12-2013,03-12-2013,2,64.19,22,1
10361,QUICK,1,22-11-2013,20-12-2013,03-12-2013,2,183.17,11,1
10363,DRACD,4,26-11-2013,24-12-2013,04-12-2013,3,30.54,8,1
10364,EASTC,1,26-11-2013,07-01-2014,04-12-2013,1,71.97,8,1
10369,SPLIR,8,02-12-2013,30-12-2013,09-12-2013,2,195.68,7,1
10372,QUEEN,5,04-12-2013,01-01-2014,09-12-2013,2,890.78,5,1
10374,WOLZA,1,05-12-2013,02-01-2014,09-12-2013,3,3.94,4,1
10375,HUNGC,3,06-12-2013,03-01-2014,09-12-2013,2,20.12,3,1
10373,HUNGO,4,05-12-2013,02-01-2014,11-12-2013,3,124.12,6,1
10376,MEREP,1,09-12-2013,06-01-2014,13-12-2013,2,20.39,4,1
10377,SEVES,1,09-12-2013,06-01-2014,13-12-2013,3,22.21,4,1
10379,QUEDE,2,11-12-2013,08-01-2014,13-12-2013,1,45.03,2,1
10381,LILAS,3,12-12-2013,09-01-2014,13-12-2013,3,7.99,1,1
10382,ERNSH,4,13-12-2013,10-01-2014,16-12-2013,1,94.77,3,1
10383,AROUT,8,16-12-2013,13-01-2014,18-12-2013,3,34.24,2,1
10378,FOLKO,5,10-12-2013,07-01-2014,19-12-2013,3,5.44,9,1
10384,BERGS,3,16-12-2013,13-01-2014,20-12-2013,3,168.64,4,1
10387,SANTG,1,18-12-2013,15-01-2014,20-12-2013,2,93.63,2,1
10388,SEVES,2,19-12-2013,16-01-2014,20-12-2013,1,34.86,1,1
10385,SPLIR,1,17-12-2013,14-01-2014,23-12-2013,2,30.96,6,1
10371,LAMAI,1,03-12-2013,31-12-2013,24-12-2013,1,0.45,21,1
10389,BOTTM,4,20-12-2013,17-01-2014,24-12-2013,2,47.42,4,1
10386,FAMIA,9,18-12-2013,01-01-2014,25-12-2013,3,13.99,7,1
10390,ERNSH,6,23-12-2013,20-01-2014,26-12-2013,1,126.38,3,1
10370,CHOPS,6,03-12-2013,31-12-2013,27-12-2013,2,1.17,24,1
10366,GALED,8,28-11-2013,09-01-2014,30-12-2013,2,10.14,32,1
10391,DRACD,3,23-12-2013,20-01-2014,31-12-2013,3,5.45,8,1
10392,PICCO,2,24-12-2013,21-01-2014,01-01-2014,3,122.46,8,1
10397,PRINI,5,27-12-2013,24-01-2014,02-01-2014,1,60.26,6,1
10393,SAVEA,1,25-12-2013,22-01-2014,03-01-2014,3,126.56,9,1
10394,HUNGC,1,25-12-2013,22-01-2014,03-01-2014,3,30.34,9,1
10395,HILAA,6,26-12-2013,23-01-2014,03-01-2014,1,184.41,8,1
10396,FRANK,1,27-12-2013,10-01-2014,06-01-2014,3,135.35,10,1
10399,VAFFE,8,31-12-2013,14-01-2014,08-01-2014,3,27.36,8,1
10404,MAGAA,2,03-01-2014,31-01-2014,08-01-2014,1,155.97,5,1
10398,SAVEA,2,30-12-2013,27-01-2014,09-01-2014,3,89.16,10,1
10403,ERNSH,4,03-01-2014,31-01-2014,09-01-2014,3,73.79,6,1
10401,RATTC,1,01-01-2014,29-01-2014,10-01-2014,1,12.51,9,1
10402,ERNSH,8,02-01-2014,13-02-2014,10-01-2014,2,67.88,8,1
10406,QUEEN,7,07-01-2014,18-02-2014,13-01-2014,1,108.04,6,1
10408,FOLIG,8,08-01-2014,05-02-2014,14-01-2014,1,11.26,6,1
10409,OCEAN,3,09-01-2014,06-02-2014,14-01-2014,1,29.83,5,1
10410,BOTTM,3,10-01-2014,07-02-2014,15-01-2014,3,2.4,5,1
10412,WARTH,8,13-01-2014,10-02-2014,15-01-2014,2,3.77,2,1
10380,HUNGO,8,12-12-2013,09-01-2014,16-01-2014,3,35.03,35,0
10400,EASTC,1,01-01-2014,29-01-2014,16-01-2014,3,83.93,15,1
10413,LAMAI,3,14-01-2014,11-02-2014,16-01-2014,2,95.66,2,1
10414,FAMIA,2,14-01-2014,11-02-2014,17-01-2014,3,21.48,3,1
10411,BOTTM,9,10-01-2014,07-02-2014,21-01-2014,3,23.65,11,1
10405,LINOD,1,06-01-2014,03-02-2014,22-01-2014,1,34.82,16,1
10415,HUNGC,3,15-01-2014,12-02-2014,24-01-2014,1,0.2,9,1
10418,QUICK,4,17-01-2014,14-02-2014,24-01-2014,1,17.55,7,1
10416,WARTH,8,16-01-2014,13-02-2014,27-01-2014,3,22.72,11,1
10420,WELLI,3,21-01-2014,18-02-2014,27-01-2014,1,44.12,6,1
10421,QUEDE,8,21-01-2014,04-03-2014,27-01-2014,1,99.23,6,1
10424,MEREP,7,23-01-2014,20-02-2014,27-01-2014,2,370.61,4,1
10417,SIMOB,4,16-01-2014,13-02-2014,28-01-2014,3,70.29,12,1
10407,OTTIK,2,07-01-2014,04-02-2014,30-01-2014,2,91.48,23,1
10419,RICSU,4,20-01-2014,17-02-2014,30-01-2014,2,137.35,10,1
10422,FRANS,2,22-01-2014,19-02-2014,31-01-2014,1,3.02,9,1
10430,ERNSH,4,30-01-2014,13-02-2014,03-02-2014,1,458.78,4,1
10428,REGGC,7,28-01-2014,25-02-2014,04-02-2014,1,11.09,7,1
10426,GALED,4,27-01-2014,24-02-2014,06-02-2014,1,18.69,10,1
10429,HUNGO,3,29-01-2014,12-03-2014,07-02-2014,2,56.63,9,1
10431,BOTTM,4,30-01-2014,13-02-2014,07-02-2014,2,44.17,8,1
10432,SPLIR,3,31-01-2014,14-02-2014,07-02-2014,2,4.34,7,1
10435,CONSH,8,04-02-2014,18-03-2014,07-02-2014,2,9.21,3,1
10439,MEREP,6,07-02-2014,07-03-2014,10-02-2014,3,4.07,3,1
10436,BLONP,3,05-02-2014,05-03-2014,11-02-2014,2,156.66,6,1
10437,WARTH,8,05-02-2014,05-03-2014,12-02-2014,1,19.97,7,1
10434,FOLKO,3,03-02-2014,03-03-2014,13-02-2014,2,17.92,10,1
10425,LAMAI,6,24-01-2014,21-02-2014,14-02-2014,2,7.93,21,1
10438,TOMSP,3,06-02-2014,06-03-2014,14-02-2014,2,8.24,8,1
10443,REGGC,8,12-02-2014,12-03-2014,14-02-2014,1,13.95,2,1
10442,ERNSH,3,11-02-2014,11-03-2014,18-02-2014,2,47.94,7,1
10446,TOMSP,6,14-02-2014,14-03-2014,19-02-2014,1,14.68,5,1
10445,BERGS,3,13-02-2014,13-03-2014,20-02-2014,1,9.3,7,1
10444,BERGS,3,12-02-2014,12-03-2014,21-02-2014,3,3.5,9,1
10423,GOURL,6,23-01-2014,06-02-2014,24-02-2014,3,24.5,32,0
10448,RANCH,4,17-02-2014,17-03-2014,24-02-2014,2,38.82,7,1
10454,LAMAI,4,21-02-2014,21-03-2014,25-02-2014,3,2.74,4,1
10452,SAVEA,8,20-02-2014,20-03-2014,26-02-2014,1,140.26,6,1
10453,AROUT,1,21-02-2014,21-03-2014,26-02-2014,2,25.36,5,1
10449,BLONP,3,18-02-2014,18-03-2014,27-02-2014,2,53.3,9,1
10440,SAVEA,4,10-02-2014,10-03-2014,28-02-2014,2,86.53,18,1
10456,KOENE,8,25-02-2014,08-04-2014,28-02-2014,2,8.12,3,1
10459,VICTE,4,27-02-2014,27-03-2014,28-02-2014,2,25.09,1,1
10427,PICCO,4,27-01-2014,24-02-2014,03-03-2014,2,31.29,35,0
10455,WARTH,8,24-02-2014,07-04-2014,03-03-2014,2,180.45,7,1
10457,KOENE,2,25-02-2014,25-03-2014,03-03-2014,1,11.57,6,1
10460,FOLKO,8,28-02-2014,28-03-2014,03-03-2014,1,16.27,3,1
10433,PRINI,3,03-02-2014,03-03-2014,04-03-2014,3,73.83,29,0
10458,SUPRD,7,26-02-2014,26-03-2014,04-03-2014,3,147.06,6,1
10461,LILAS,1,28-02-2014,28-03-2014,05-03-2014,3,148.61,5,1
10463,SUPRD,5,04-03-2014,01-04-2014,06-03-2014,3,14.78,2,1
10447,RICAR,4,14-02-2014,14-03-2014,07-03-2014,2,68.66,21,1
10450,VICTE,8,19-02-2014,19-03-2014,11-03-2014,2,7.23,20,1
10467,MAGAA,8,06-03-2014,03-04-2014,11-03-2014,2,4.93,5,1
10451,QUICK,4,19-02-2014,05-03-2014,12-03-2014,3,189.09,21,0
10468,KOENE,3,07-03-2014,04-04-2014,12-03-2014,3,44.12,5,1
10466,COMMI,4,06-03-2014,03-04-2014,13-03-2014,1,11.93,7,1
10441,OLDWO,3,10-02-2014,24-03-2014,14-03-2014,2,73.02,32,1
10464,FURIB,4,04-03-2014,01-04-2014,14-03-2014,2,89,10,1
10465,VAFFE,1,05-03-2014,02-04-2014,14-03-2014,3,145.04,9,1
10469,WHITC,1,10-03-2014,07-04-2014,14-03-2014,1,60.18,4,1
10470,BONAP,4,11-03-2014,08-04-2014,14-03-2014,2,64.56,3,1
10462,CONSH,2,03-03-2014,31-03-2014,18-03-2014,1,6.17,15,1
10471,BSBEV,2,11-03-2014,08-04-2014,18-03-2014,3,45.59,7,1
10472,SEVES,8,12-03-2014,09-04-2014,19-03-2014,1,4.2,7,1
10473,ISLAT,1,13-03-2014,27-03-2014,21-03-2014,3,16.37,8,1
10474,PERIC,5,13-03-2014,10-04-2014,21-03-2014,2,83.49,8,1
10479,RATTC,3,19-03-2014,16-04-2014,21-03-2014,3,708.95,2,1
10476,HILAA,8,17-03-2014,14-04-2014,24-03-2014,3,4.41,7,1
10480,FOLIG,6,20-03-2014,17-04-2014,24-03-2014,2,1.35,4,1
10477,PRINI,5,17-03-2014,14-04-2014,25-03-2014,2,13.02,8,1
10481,RICAR,8,20-03-2014,17-04-2014,25-03-2014,2,64.33,5,1
10478,VICTE,2,18-03-2014,01-04-2014,26-03-2014,3,4.81,8,1
10487,QUEEN,2,26-03-2014,23-04-2014,28-03-2014,2,71.07,2,1
10485,LINOD,4,25-03-2014,08-04-2014,31-03-2014,2,64.45,6,1
10484,BSBEV,3,24-03-2014,21-04-2014,01-04-2014,3,6.88,8,1
10486,HILAA,1,26-03-2014,23-04-2014,02-04-2014,2,30.53,7,1
10488,FRANK,8,27-03-2014,24-04-2014,02-04-2014,2,4.93,6,1
10490,HILAA,7,31-03-2014,28-04-2014,03-04-2014,2,210.19,3,1
10475,SUPRD,9,14-03-2014,11-04-2014,04-04-2014,1,68.52,21,1
10496,TRADH,7,04-04-2014,02-05-2014,07-04-2014,2,46.77,3,1
10497,LEHMS,7,04-04-2014,02-05-2014,07-04-2014,1,36.21,3,1
10491,FURIB,8,31-03-2014,28-04-2014,08-04-2014,3,16.96,8,1
10489,PICCO,6,28-03-2014,25-04-2014,09-04-2014,2,5.29,12,1
10494,COMMI,4,02-04-2014,30-04-2014,09-04-2014,2,65.99,7,1
10482,LAZYK,1,21-03-2014,18-04-2014,10-04-2014,3,7.48,20,1
10493,LAMAI,4,02-04-2014,30-04-2014,10-04-2014,3,10.64,8,1
10492,BOTTM,3,01-04-2014,29-04-2014,11-04-2014,1,62.89,10,1
10495,LAUGB,3,03-04-2014,01-05-2014,11-04-2014,3,4.65,8,1
10498,HILAA,8,07-04-2014,05-05-2014,11-04-2014,2,29.75,4,1
10499,LILAS,4,08-04-2014,06-05-2014,16-04-2014,2,102.02,8,1
10501,BLAUS,9,09-04-2014,07-05-2014,16-04-2014,3,8.85,7,1
10503,HUNGO,6,11-04-2014,09-05-2014,16-04-2014,2,16.74,5,1
10500,LAMAI,6,09-04-2014,07-05-2014,17-04-2014,1,42.68,8,1
10504,WHITC,4,11-04-2014,09-05-2014,18-04-2014,3,59.13,7,1
10505,MEREP,3,14-04-2014,12-05-2014,21-04-2014,3,7.13,7,1
10511,BONAP,4,18-04-2014,16-05-2014,21-04-2014,3,350.64,3,1
10507,ANTON,7,15-04-2014,13-05-2014,22-04-2014,1,47.45,7,1
10512,FAMIA,7,21-04-2014,19-05-2014,24-04-2014,2,3.53,3,1
10483,WHITC,7,24-03-2014,21-04-2014,25-04-2014,2,15.28,32,0
10510,SAVEA,6,18-04-2014,16-05-2014,28-04-2014,3,367.63,10,1
10513,WANDK,7,22-04-2014,03-06-2014,28-04-2014,1,105.65,6,1
10502,PERIC,2,10-04-2014,08-05-2014,29-04-2014,1,69.32,19,1
10509,BLAUS,4,17-04-2014,15-05-2014,29-04-2014,1,0.15,12,1
10517,NORTS,3,24-04-2014,22-05-2014,29-04-2014,3,32.07,5,1
10516,HUNGO,2,24-04-2014,22-05-2014,01-05-2014,3,62.78,7,1
10519,CHOPS,6,28-04-2014,26-05-2014,01-05-2014,3,91.76,3,1
10520,SANTG,7,29-04-2014,27-05-2014,01-05-2014,1,13.37,2,1
10506,KOENE,9,15-04-2014,13-05-2014,02-05-2014,2,21.19,17,1
10521,CACTU,8,29-04-2014,27-05-2014,02-05-2014,2,17.22,3,1
10518,TORTU,4,25-04-2014,09-05-2014,05-05-2014,2,218.15,10,1
10522,LEHMS,4,30-04-2014,28-05-2014,06-05-2014,1,45.33,6,1
10524,BERGS,1,01-05-2014,29-05-2014,07-05-2014,2,244.79,6,1
10527,QUICK,7,05-05-2014,02-06-2014,07-05-2014,1,41.9,2,1
10528,GREAL,6,06-05-2014,20-05-2014,09-05-2014,2,3.35,3,1
10529,MAISD,5,07-05-2014,04-06-2014,09-05-2014,2,66.69,2,1
10530,PICCO,3,08-05-2014,05-06-2014,12-05-2014,2,339.22,4,1
10532,EASTC,7,09-05-2014,06-06-2014,12-05-2014,3,74.46,3,1
10508,OTTIK,1,16-04-2014,14-05-2014,13-05-2014,2,4.99,27,1
10534,LEHMS,8,12-05-2014,09-06-2014,14-05-2014,2,27.94,2,1
10526,WARTH,4,05-05-2014,02-06-2014,15-05-2014,2,58.59,10,1
10514,ERNSH,3,22-04-2014,20-05-2014,16-05-2014,2,789.95,24,1
10538,BSBEV,9,15-05-2014,12-06-2014,16-05-2014,3,4.87,1,1
10531,OCEAN,7,08-05-2014,05-06-2014,19-05-2014,1,8.12,11,1
10537,RICSU,1,14-05-2014,28-05-2014,19-05-2014,1,78.85,5,1
10535,ANTON,4,13-05-2014,10-06-2014,21-05-2014,1,15.64,8,1
10533,FOLKO,8,12-05-2014,09-06-2014,22-05-2014,1,188.04,10,1
10515,QUICK,2,23-04-2014,07-05-2014,23-05-2014,1,204.47,30,0
10525,BONAP,1,02-05-2014,30-05-2014,23-05-2014,2,11.06,21,1
10539,BSBEV,6,16-05-2014,13-06-2014,23-05-2014,3,12.36,7,1
10543,LILAS,8,21-05-2014,18-06-2014,23-05-2014,2,48.17,2,1
10542,KOENE,1,20-05-2014,17-06-2014,26-05-2014,3,10.95,6,1
10546,VICTE,1,23-05-2014,20-06-2014,27-05-2014,3,194.72,4,1
10541,HANAR,2,19-05-2014,16-06-2014,29-05-2014,1,68.65,10,1
10523,SEVES,7,01-05-2014,29-05-2014,30-05-2014,2,77.63,29,0
10544,LONEP,4,21-05-2014,18-06-2014,30-05-2014,1,24.91,9,1
10549,QUICK,5,27-05-2014,10-06-2014,30-05-2014,1,171.24,3,1
10547,SEVES,3,23-05-2014,20-06-2014,02-06-2014,2,178.43,10,1
10548,TOMSP,3,26-05-2014,23-06-2014,02-06-2014,2,1.43,7,1
10553,WARTH,2,30-05-2014,27-06-2014,03-06-2014,2,149.49,4,1
10555,SAVEA,6,02-06-2014,30-06-2014,04-06-2014,3,252.49,2,1
10552,HILAA,2,29-05-2014,26-06-2014,05-06-2014,1,83.22,7,1
10554,OTTIK,4,30-05-2014,27-06-2014,05-06-2014,3,120.97,6,1
10536,LEHMS,3,14-05-2014,11-06-2014,06-06-2014,2,58.88,23,1
10550,GODOS,7,28-05-2014,25-06-2014,06-06-2014,3,4.32,9,1
10551,FURIB,4,28-05-2014,09-07-2014,06-06-2014,3,72.95,9,1
10557,LEHMS,9,03-06-2014,17-06-2014,06-06-2014,2,96.72,3,1
10560,FRANK,8,06-06-2014,04-07-2014,09-06-2014,1,36.65,3,1
10561,FOLKO,2,06-06-2014,04-07-2014,09-06-2014,2,242.21,3,1
10558,AROUT,1,04-06-2014,02-07-2014,10-06-2014,2,72.97,6,1
10562,REGGC,1,09-06-2014,07-07-2014,12-06-2014,1,22.95,3,1
10540,QUICK,3,19-05-2014,16-06-2014,13-06-2014,3,1007.64,25,1
10556,SIMOB,2,03-06-2014,15-07-2014,13-06-2014,1,9.8,10,1
10559,BLONP,6,05-06-2014,03-07-2014,13-06-2014,1,8.05,8,1
10564,RATTC,4,10-06-2014,08-07-2014,16-06-2014,3,13.75,6,1
10567,HUNGO,1,12-06-2014,10-07-2014,17-06-2014,1,33.97,5,1
10565,MEREP,8,11-06-2014,09-07-2014,18-06-2014,2,7.15,7,1
10566,BLONP,9,12-06-2014,10-07-2014,18-06-2014,1,88.4,6,1
10570,MEREP,3,17-06-2014,15-07-2014,19-06-2014,3,188.99,2,1
10573,ANTON,7,19-06-2014,17-07-2014,20-06-2014,3,84.84,1,1
10563,RICAR,2,10-06-2014,22-07-2014,24-06-2014,2,60.43,14,1
10572,BERGS,3,18-06-2014,16-07-2014,25-06-2014,2,116.43,7,1
10545,LAZYK,8,22-05-2014,19-06-2014,26-06-2014,2,11.92,35,0
10574,TRAIH,4,19-06-2014,17-07-2014,30-06-2014,2,37.6,11,1
10575,MORGK,5,20-06-2014,04-07-2014,30-06-2014,1,127.34,10,1
10576,TORTU,3,23-06-2014,07-07-2014,30-06-2014,3,18.56,7,1
10577,TRAIH,9,23-06-2014,04-08-2014,30-06-2014,2,25.41,7,1
10580,OTTIK,4,26-06-2014,24-07-2014,01-07-2014,3,75.89,5,1
10581,FAMIA,3,26-06-2014,24-07-2014,02-07-2014,1,3.01,6,1
10571,ERNSH,8,17-06-2014,29-07-2014,04-07-2014,3,26.06,17,1
10579,LETSS,1,25-06-2014,23-07-2014,04-07-2014,2,13.73,9,1
10583,WARTH,2,30-06-2014,28-07-2014,04-07-2014,2,7.28,4,1
10584,BLONP,4,30-06-2014,28-07-2014,04-07-2014,1,59.14,4,1
10568,GALED,3,13-06-2014,11-07-2014,09-07-2014,3,6.54,26,1
10586,REGGC,9,02-07-2014,30-07-2014,09-07-2014,1,0.48,7,1
10587,QUEDE,1,02-07-2014,30-07-2014,09-07-2014,1,62.52,7,1
10585,WELLI,7,01-07-2014,29-07-2014,10-07-2014,1,13.41,9,1
10588,QUICK,2,03-07-2014,31-07-2014,10-07-2014,3,194.67,7,1
10569,RATTC,5,16-06-2014,14-07-2014,11-07-2014,1,58.98,25,1
10582,BLAUS,3,27-06-2014,25-07-2014,14-07-2014,2,27.71,17,1
10589,GREAL,8,04-07-2014,01-08-2014,14-07-2014,2,4.42,10,1
10590,MEREP,4,07-07-2014,04-08-2014,14-07-2014,3,44.77,7,1
10595,ERNSH,2,10-07-2014,07-08-2014,14-07-2014,1,96.78,4,1
10591,VAFFE,1,07-07-2014,21-07-2014,16-07-2014,1,55.92,9,1
10592,LEHMS,3,08-07-2014,05-08-2014,16-07-2014,1,32.1,8,1
10594,OLDWO,3,09-07-2014,06-08-2014,16-07-2014,2,5.24,7,1
10597,PICCO,7,11-07-2014,08-08-2014,18-07-2014,3,35.12,7,1
10598,RATTC,1,14-07-2014,11-08-2014,18-07-2014,3,44.42,4,1
10599,BSBEV,6,15-07-2014,26-08-2014,21-07-2014,3,29.98,6,1
10600,HUNGC,4,16-07-2014,13-08-2014,21-07-2014,1,45.13,5,1
10601,HILAA,7,16-07-2014,27-08-2014,22-07-2014,1,58.3,6,1
10602,VAFFE,8,17-07-2014,14-08-2014,22-07-2014,2,2.92,5,1
10578,BSBEV,4,24-06-2014,22-07-2014,25-07-2014,3,29.6,31,0
10607,SAVEA,5,22-07-2014,19-08-2014,25-07-2014,1,200.24,3,1
10604,FURIB,1,18-07-2014,15-08-2014,29-07-2014,1,7.46,11,1
10605,MEREP,1,21-07-2014,18-08-2014,29-07-2014,2,379.13,8,1
10609,DUMON,7,24-07-2014,21-08-2014,30-07-2014,2,1.85,6,1
10606,TRADH,4,22-07-2014,19-08-2014,31-07-2014,3,79.4,9,1
10608,TOMSP,4,23-07-2014,20-08-2014,01-08-2014,2,27.79,9,1
10611,WOLZA,6,25-07-2014,22-08-2014,01-08-2014,2,80.65,7,1
10612,SAVEA,1,28-07-2014,25-08-2014,01-08-2014,2,544.08,4,1
10613,HILAA,4,29-07-2014,26-08-2014,01-08-2014,2,8.11,3,1
10614,BLAUS,8,29-07-2014,26-08-2014,01-08-2014,3,1.93,3,1
10617,GREAL,4,31-07-2014,28-08-2014,04-08-2014,2,18.53,4,1
10616,GREAL,1,31-07-2014,28-08-2014,05-08-2014,2,116.53,5,1
10610,LAMAI,8,25-07-2014,22-08-2014,06-08-2014,1,26.78,12,1
10615,WILMK,2,30-07-2014,27-08-2014,06-08-2014,3,0.75,7,1
10619,MEREP,3,04-08-2014,01-09-2014,07-08-2014,3,91.05,3,1
10603,SAVEA,8,18-07-2014,15-08-2014,08-08-2014,2,48.77,21,1
10618,MEREP,1,01-08-2014,12-09-2014,08-08-2014,1,154.68,7,1
10621,ISLAT,4,05-08-2014,02-09-2014,11-08-2014,2,23.73,6,1
10622,RICAR,4,06-08-2014,03-09-2014,11-08-2014,3,50.97,5,1
10596,WHITC,8,11-07-2014,08-08-2014,12-08-2014,1,16.34,32,0
10623,FRANK,8,07-08-2014,04-09-2014,12-08-2014,2,97.18,5,1
10593,LEHMS,7,09-07-2014,06-08-2014,13-08-2014,2,174.2,35,0
10620,LAUGB,2,05-08-2014,02-09-2014,14-08-2014,3,0.94,9,1
10625,ANATR,3,08-08-2014,05-09-2014,14-08-2014,1,43.9,6,1
10631,LAMAI,8,14-08-2014,11-09-2014,15-08-2014,1,0.87,1,1
10633,ERNSH,7,15-08-2014,12-09-2014,18-08-2014,3,477.9,3,1
10624,THECR,4,07-08-2014,04-09-2014,19-08-2014,2,94.8,12,1
10630,KOENE,1,13-08-2014,10-09-2014,19-08-2014,2,32.35,6,1
10632,WANDK,8,14-08-2014,11-09-2014,19-08-2014,1,41.38,5,1
10626,BERGS,1,11-08-2014,08-09-2014,20-08-2014,2,138.69,9,1
10628,BLONP,4,12-08-2014,09-09-2014,20-08-2014,3,30.36,8,1
10629,GODOS,4,12-08-2014,09-09-2014,20-08-2014,3,85.46,8,1
10627,SAVEA,8,11-08-2014,22-09-2014,21-08-2014,3,107.46,10,1
10634,FOLIG,4,15-08-2014,12-09-2014,21-08-2014,3,487.38,6,1
10635,MAGAA,8,18-08-2014,15-09-2014,21-08-2014,3,47.46,3,1
10636,WARTH,4,19-08-2014,16-09-2014,26-08-2014,1,1.15,7,1
10637,QUEEN,6,19-08-2014,16-09-2014,26-08-2014,1,201.29,7,1
10641,HILAA,4,22-08-2014,19-09-2014,26-08-2014,2,179.61,4,1
10639,SANTG,7,20-08-2014,17-09-2014,27-08-2014,3,38.64,7,1
10640,WANDK,4,21-08-2014,18-09-2014,28-08-2014,1,23.55,7,1
10649,MAISD,5,28-08-2014,25-09-2014,29-08-2014,3,6.2,1,1
10638,LINOD,3,20-08-2014,17-09-2014,01-09-2014,1,158.44,12,1
10644,WELLI,3,25-08-2014,22-09-2014,01-09-2014,2,0.14,7,1
10643,ALFKI,6,25-08-2014,22-09-2014,02-09-2014,1,29.46,8,1
10645,HANAR,4,26-08-2014,23-09-2014,02-09-2014,1,12.41,7,1
10646,HUNGO,9,27-08-2014,08-10-2014,03-09-2014,3,142.33,7,1
10647,QUEDE,4,27-08-2014,10-09-2014,03-09-2014,2,45.54,7,1
10650,FAMIA,5,29-08-2014,26-09-2014,03-09-2014,3,176.81,5,1
10642,SIMOB,7,22-08-2014,19-09-2014,05-09-2014,3,41.89,14,1
10652,GOURL,4,01-09-2014,29-09-2014,08-09-2014,2,7.14,7,1
10658,QUICK,4,05-09-2014,03-10-2014,08-09-2014,1,364.15,3,1
10648,RICAR,5,28-08-2014,09-10-2014,09-09-2014,2,14.25,12,1
10656,GREAL,6,04-09-2014,02-10-2014,10-09-2014,1,57.15,6,1
10659,QUEEN,7,05-09-2014,03-10-2014,10-09-2014,2,105.81,5,1
10651,WANDK,8,01-09-2014,29-09-2014,11-09-2014,2,20.6,10,1
10654,BERGS,5,02-09-2014,30-09-2014,11-09-2014,1,55.26,9,1
10655,REGGC,1,03-09-2014,01-10-2014,11-09-2014,2,4.41,8,1
10657,SAVEA,2,04-09-2014,02-10-2014,15-09-2014,2,352.69,11,1
10661,HUNGO,7,09-09-2014,07-10-2014,15-09-2014,3,17.55,6,1
10665,LONEP,1,11-09-2014,09-10-2014,17-09-2014,2,26.31,6,1
10662,LONEP,3,09-09-2014,07-10-2014,18-09-2014,2,1.28,9,1
10670,FRANK,4,16-09-2014,14-10-2014,18-09-2014,1,203.48,2,1
10653,FRANK,1,02-09-2014,30-09-2014,19-09-2014,1,93.25,17,1
10664,FURIB,1,10-09-2014,08-10-2014,19-09-2014,3,1.27,9,1
10667,ERNSH,7,12-09-2014,10-10-2014,19-09-2014,1,78.09,7,1
10673,WILMK,2,18-09-2014,16-10-2014,19-09-2014,1,22.76,1,1
10666,RICSU,7,12-09-2014,10-10-2014,22-09-2014,2,232.42,10,1
10669,SIMOB,2,15-09-2014,13-10-2014,22-09-2014,1,24.39,7,1
10668,WANDK,1,15-09-2014,13-10-2014,23-09-2014,2,47.22,8,1
10675,FRANK,5,19-09-2014,17-10-2014,23-09-2014,2,31.85,4,1
10671,FRANR,1,17-09-2014,15-10-2014,24-09-2014,1,30.34,7,1
10672,BERGS,9,17-09-2014,01-10-2014,26-09-2014,2,95.75,9,1
10677,ANTON,1,22-09-2014,20-10-2014,26-09-2014,3,4.03,4,1
10680,OLDWO,1,24-09-2014,22-10-2014,26-09-2014,1,26.61,2,1
10676,TORTU,2,22-09-2014,20-10-2014,29-09-2014,2,2.01,7,1
10674,ISLAT,4,18-09-2014,16-10-2014,30-09-2014,2,0.9,12,1
10679,BLONP,8,23-09-2014,21-10-2014,30-09-2014,3,27.94,7,1
10681,GREAL,3,25-09-2014,23-10-2014,30-09-2014,3,76.13,5,1
10684,OTTIK,3,26-09-2014,24-10-2014,30-09-2014,1,145.63,4,1
10682,ANTON,3,25-09-2014,23-10-2014,01-10-2014,2,36.13,6,1
10683,DUMON,2,26-09-2014,24-10-2014,01-10-2014,1,4.4,5,1
10663,BONAP,2,10-09-2014,24-09-2014,03-10-2014,2,113.15,23,0
10685,GOURL,4,29-09-2014,13-10-2014,03-10-2014,2,33.75,4,1
10690,HANAR,1,02-10-2014,30-10-2014,03-10-2014,1,15.8,1,1
10688,VAFFE,4,01-10-2014,15-10-2014,07-10-2014,2,299.09,6,1
10689,BERGS,1,01-10-2014,29-10-2014,07-10-2014,2,13.42,6,1
10686,PICCO,2,30-09-2014,28-10-2014,08-10-2014,1,96.5,8,1
10694,QUICK,8,06-10-2014,03-11-2014,09-10-2014,3,398.36,3,1
10693,WHITC,3,06-10-2014,20-10-2014,10-10-2014,3,139.34,4,1
10692,ALFKI,4,03-10-2014,31-10-2014,13-10-2014,2,61.02,10,1
10699,MORGK,3,09-10-2014,06-11-2014,13-10-2014,3,0.58,4,1
10695,WILMK,7,07-10-2014,18-11-2014,14-10-2014,1,16.72,7,1
10696,WHITC,8,08-10-2014,19-11-2014,14-10-2014,3,102.55,6,1
10697,LINOD,3,08-10-2014,05-11-2014,14-10-2014,1,45.52,6,1
10660,HUNGC,8,08-09-2014,06-10-2014,15-10-2014,1,111.29,37,0
10701,HUNGO,6,13-10-2014,27-10-2014,15-10-2014,3,220.31,2,1
10678,SAVEA,7,23-09-2014,21-10-2014,16-10-2014,3,388.98,23,1
10700,SAVEA,3,10-10-2014,07-11-2014,16-10-2014,1,65.1,6,1
10698,ERNSH,4,09-10-2014,06-11-2014,17-10-2014,1,272.47,8,1
10703,FOLKO,6,14-10-2014,11-11-2014,20-10-2014,2,152.3,6,1
10702,ALFKI,4,13-10-2014,24-11-2014,21-10-2014,1,23.94,8,1
10706,OLDWO,8,16-10-2014,13-11-2014,21-10-2014,3,135.63,5,1
10691,QUICK,2,03-10-2014,14-11-2014,22-10-2014,2,810.05,19,1
10707,AROUT,4,16-10-2014,30-10-2014,23-10-2014,3,21.74,7,1
10710,FRANS,1,20-10-2014,17-11-2014,23-10-2014,1,4.98,3,1
10713,SAVEA,1,22-10-2014,19-11-2014,24-10-2014,1,167.05,2,1
10714,SAVEA,5,22-10-2014,19-11-2014,27-10-2014,3,24.49,5,1
10716,RANCH,4,24-10-2014,21-11-2014,27-10-2014,2,22.57,3,1
10711,SAVEA,5,21-10-2014,02-12-2014,29-10-2014,2,52.41,8,1
10715,BONAP,3,23-10-2014,06-11-2014,29-10-2014,1,63.2,6,1
10717,FRANK,1,24-10-2014,21-11-2014,29-10-2014,2,59.25,5,1
10718,KOENE,1,27-10-2014,24-11-2014,29-10-2014,3,170.88,2,1
10687,HUNGO,9,30-09-2014,28-10-2014,30-10-2014,2,296.43,30,0
10712,HUNGO,3,21-10-2014,18-11-2014,31-10-2014,1,89.93,10,1
10721,QUICK,5,29-10-2014,26-11-2014,31-10-2014,3,48.92,2,1
10722,SAVEA,8,29-10-2014,10-12-2014,04-11-2014,1,74.58,6,1
10708,THEBI,6,17-10-2014,28-11-2014,05-11-2014,2,2.96,19,1
10719,LETSS,8,27-10-2014,24-11-2014,05-11-2014,2,51.44,9,1
10720,QUEDE,8,28-10-2014,11-11-2014,05-11-2014,2,9.53,8,1
10724,MEREP,8,30-10-2014,11-12-2014,05-11-2014,2,57.75,6,1
10725,FAMIA,4,31-10-2014,28-11-2014,05-11-2014,3,10.83,5,1
10704,QUEEN,6,14-10-2014,11-11-2014,07-11-2014,1,4.78,24,1
10732,BONAP,3,06-11-2014,04-12-2014,07-11-2014,1,16.97,1,1
10733,BERGS,1,07-11-2014,05-12-2014,10-11-2014,3,110.11,3,1
10728,QUEEN,4,04-11-2014,02-12-2014,11-11-2014,2,58.33,7,1
10734,GOURL,2,07-11-2014,05-12-2014,12-11-2014,3,1.63,5,1
10729,LINOD,8,04-11-2014,16-12-2014,14-11-2014,3,141.06,10,1
10730,BONAP,5,05-11-2014,03-12-2014,14-11-2014,1,20.12,9,1
10731,CHOPS,7,06-11-2014,04-12-2014,14-11-2014,1,96.65,8,1
10739,VINET,3,12-11-2014,10-12-2014,17-11-2014,3,11.08,5,1
10705,HILAA,9,15-10-2014,12-11-2014,18-11-2014,2,3.52,34,0
10737,VINET,2,11-11-2014,09-12-2014,18-11-2014,2,7.79,7,1
10738,SPECD,2,12-11-2014,10-12-2014,18-11-2014,1,2.91,6,1
10741,AROUT,4,14-11-2014,28-11-2014,18-11-2014,3,10.96,4,1
10742,BOTTM,3,14-11-2014,12-12-2014,18-11-2014,3,243.73,4,1
10709,GOURL,1,17-10-2014,14-11-2014,20-11-2014,3,210.8,34,0
10735,LETSS,6,10-11-2014,08-12-2014,21-11-2014,2,45.97,11,1
10736,HUNGO,9,11-11-2014,09-12-2014,21-11-2014,2,44.1,10,1
10743,AROUT,1,17-11-2014,15-12-2014,21-11-2014,2,23.72,4,1
10746,CHOPS,1,19-11-2014,17-12-2014,21-11-2014,3,31.43,2,1
10744,VAFFE,6,17-11-2014,15-12-2014,24-11-2014,1,69.19,7,1
10750,WARTH,9,21-11-2014,19-12-2014,24-11-2014,1,79.3,3,1
10723,WHITC,3,30-10-2014,27-11-2014,25-11-2014,1,21.72,26,1
10740,WHITC,4,13-11-2014,11-12-2014,25-11-2014,2,81.88,12,1
10747,PICCO,6,19-11-2014,17-12-2014,26-11-2014,1,117.33,7,1
10745,QUICK,9,18-11-2014,16-12-2014,27-11-2014,1,3.52,9,1
10753,FRANS,3,25-11-2014,23-12-2014,27-11-2014,1,7.7,2,1
10754,MAGAA,6,25-11-2014,23-12-2014,27-11-2014,3,2.38,2,1
10748,SAVEA,3,20-11-2014,18-12-2014,28-11-2014,1,232.55,8,1
10752,NORTS,2,24-11-2014,22-12-2014,28-11-2014,3,1.39,4,1
10755,BONAP,4,26-11-2014,24-12-2014,28-11-2014,2,16.71,2,1
10756,SPLIR,8,27-11-2014,25-12-2014,02-12-2014,2,73.21,5,1
10751,RICSU,3,24-11-2014,22-12-2014,03-12-2014,3,130.79,9,1
10758,RICSU,3,28-11-2014,26-12-2014,04-12-2014,3,138.17,6,1
10726,EASTC,4,03-11-2014,17-11-2014,05-12-2014,1,16.56,32,0
10727,REGGC,2,03-11-2014,01-12-2014,05-12-2014,1,89.9,32,0
10761,RATTC,5,02-12-2014,30-12-2014,08-12-2014,2,18.66,6,1
10763,FOLIG,3,03-12-2014,31-12-2014,08-12-2014,3,37.35,5,1
10764,ERNSH,6,03-12-2014,31-12-2014,08-12-2014,3,145.45,5,1
10762,FOLKO,3,02-12-2014,30-12-2014,09-12-2014,1,328.74,7,1
10765,QUICK,3,04-12-2014,01-01-2015,09-12-2014,3,42.74,5,1
10766,OTTIK,4,05-12-2014,02-01-2015,09-12-2014,1,157.55,4,1
10760,MAISD,4,01-12-2014,29-12-2014,10-12-2014,1,155.64,9,1
10759,ANATR,3,28-11-2014,26-12-2014,12-12-2014,3,11.99,14,1
10769,VAFFE,3,08-12-2014,05-01-2015,12-12-2014,1,65.06,4,1
10774,FOLKO,4,11-12-2014,25-12-2014,12-12-2014,1,48.2,1,1
10757,SAVEA,6,27-11-2014,25-12-2014,15-12-2014,1,8.19,18,1
10767,SUPRD,4,05-12-2014,02-01-2015,15-12-2014,3,1.59,10,1
10768,AROUT,3,08-12-2014,05-01-2015,15-12-2014,2,146.32,7,1
10773,ERNSH,1,11-12-2014,08-01-2015,16-12-2014,3,96.43,5,1
10770,HANAR,8,09-12-2014,06-01-2015,17-12-2014,3,5.32,8,1
10776,ERNSH,1,15-12-2014,12-01-2015,18-12-2014,3,351.53,3,1
10749,ISLAT,4,20-11-2014,18-12-2014,19-12-2014,2,61.53,29,0
10772,LEHMS,3,10-12-2014,07-01-2015,19-12-2014,2,91.28,9,1
10781,WARTH,2,17-12-2014,14-01-2015,19-12-2014,3,73.16,2,1
10783,HANAR,4,18-12-2014,15-01-2015,19-12-2014,2,124.98,1,1
10782,CACTU,9,17-12-2014,14-01-2015,22-12-2014,3,1.1,5,1
10784,MAGAA,4,18-12-2014,15-01-2015,22-12-2014,3,70.09,4,1
10786,QUEEN,8,19-12-2014,16-01-2015,23-12-2014,1,110.87,4,1
10778,BERGS,3,16-12-2014,13-01-2015,24-12-2014,1,6.79,8,1
10785,GROSR,1,18-12-2014,15-01-2015,24-12-2014,3,1.51,6,1
10780,LILAS,2,16-12-2014,30-12-2014,25-12-2014,1,42.13,9,1
10775,THECR,7,12-12-2014,09-01-2015,26-12-2014,1,20.25,14,1
10787,LAMAI,2,19-12-2014,02-01-2015,26-12-2014,1,249.93,7,1
10790,GOURL,6,22-12-2014,19-01-2015,26-12-2014,1,28.23,4,1
10789,FOLIG,1,22-12-2014,19-01-2015,31-12-2014,2,100.6,9,1
10792,WOLZA,1,23-12-2014,20-01-2015,31-12-2014,3,23.79,8,1
10801,BOLID,4,29-12-2014,26-01-2015,31-12-2014,2,97.09,2,1
10791,FRANK,6,23-12-2014,20-01-2015,01-01-2015,2,16.85,9,1
10771,ERNSH,9,10-12-2014,07-01-2015,02-01-2015,2,11.19,23,1
10794,QUEDE,6,24-12-2014,21-01-2015,02-01-2015,1,21.49,9,1
10802,SIMOB,4,29-12-2014,26-01-2015,02-01-2015,2,257.26,4,1
10797,DRACD,7,25-12-2014,22-01-2015,05-01-2015,2,33.35,11,1
10798,ISLAT,2,26-12-2014,23-01-2015,05-01-2015,1,2.33,10,1
10799,KOENE,9,26-12-2014,06-02-2015,05-01-2015,3,30.76,10,1
10800,SEVES,1,26-12-2014,23-01-2015,05-01-2015,3,137.44,10,1
10806,VICTE,3,31-12-2014,28-01-2015,05-01-2015,2,22.11,5,1
10803,WELLI,4,30-12-2014,27-01-2015,06-01-2015,1,55.23,7,1
10804,SEVES,6,30-12-2014,27-01-2015,07-01-2015,2,27.33,8,1
10809,WELLI,7,01-01-2015,29-01-2015,07-01-2015,1,4.87,6,1
10810,LAUGB,2,01-01-2015,29-01-2015,07-01-2015,3,4.33,6,1
10793,AROUT,3,24-12-2014,21-01-2015,08-01-2015,3,4.52,15,1
10811,LINOD,8,02-01-2015,30-01-2015,08-01-2015,1,31.22,6,1
10805,THEBI,2,30-12-2014,27-01-2015,09-01-2015,3,237.34,10,1
10808,OLDWO,2,01-01-2015,29-01-2015,09-01-2015,3,45.53,8,1
10813,RICAR,1,05-01-2015,02-02-2015,09-01-2015,1,47.38,4,1
10812,REGGC,5,02-01-2015,30-01-2015,12-01-2015,1,59.78,10,1
10818,MAGAA,7,07-01-2015,04-02-2015,12-01-2015,3,65.48,5,1
10817,KOENE,3,06-01-2015,20-01-2015,13-01-2015,2,306.07,7,1
10820,RATTC,3,07-01-2015,04-02-2015,13-01-2015,2,37.52,6,1
10823,LILAS,5,09-01-2015,06-02-2015,13-01-2015,2,163.97,4,1
10779,MORGK,3,16-12-2014,13-01-2015,14-01-2015,2,58.13,29,0
10796,HILAA,3,25-12-2014,22-01-2015,14-01-2015,1,26.52,20,1
10814,VICTE,3,05-01-2015,02-02-2015,14-01-2015,3,130.94,9,1
10815,SAVEA,2,05-01-2015,02-02-2015,14-01-2015,3,14.62,9,1
10825,DRACD,1,09-01-2015,06-02-2015,14-01-2015,1,79.25,5,1
10821,SPLIR,1,08-01-2015,05-02-2015,15-01-2015,1,36.68,7,1
10819,CACTU,2,07-01-2015,04-02-2015,16-01-2015,3,19.76,9,1
10822,TRAIH,6,08-01-2015,05-02-2015,16-01-2015,3,7,8,1
10788,QUICK,1,22-12-2014,19-01-2015,19-01-2015,2,42.7,28,0
10832,LAMAI,2,14-01-2015,11-02-2015,19-01-2015,2,43.26,5,1
10834,TRADH,1,15-01-2015,12-02-2015,19-01-2015,3,29.78,4,1
10795,ERNSH,8,24-12-2014,21-01-2015,20-01-2015,2,126.66,27,1
10777,GOURL,7,15-12-2014,29-12-2014,21-01-2015,2,3.01,37,0
10830,TRADH,4,13-01-2015,24-02-2015,21-01-2015,2,81.83,8,1
10835,ALFKI,1,15-01-2015,12-02-2015,21-01-2015,3,69.53,6,1
10836,ERNSH,7,16-01-2015,13-02-2015,21-01-2015,1,411.88,5,1
10839,TRADH,3,19-01-2015,16-02-2015,22-01-2015,3,35.43,3,1
10829,ISLAT,9,13-01-2015,10-02-2015,23-01-2015,1,154.72,10,1
10831,SANTG,3,14-01-2015,11-02-2015,23-01-2015,2,72.19,9,1
10833,OTTIK,6,15-01-2015,12-02-2015,23-01-2015,2,71.49,8,1
10837,BERGS,9,16-01-2015,13-02-2015,23-01-2015,3,13.32,7,1
10838,LINOD,3,19-01-2015,16-02-2015,23-01-2015,3,59.28,4,1
10846,SUPRD,2,22-01-2015,05-03-2015,23-01-2015,3,56.46,1,1
10843,VICTE,4,21-01-2015,18-02-2015,26-01-2015,2,9.26,5,1
10844,PICCO,8,21-01-2015,18-02-2015,26-01-2015,2,25.22,5,1
10841,SUPRD,5,20-01-2015,17-02-2015,29-01-2015,2,424.3,9,1
10842,TORTU,1,20-01-2015,17-02-2015,29-01-2015,3,54.42,9,1
10848,CONSH,7,23-01-2015,20-02-2015,29-01-2015,2,38.24,6,1
10807,FRANS,4,31-12-2014,28-01-2015,30-01-2015,1,1.36,30,0
10824,FOLKO,8,09-01-2015,06-02-2015,30-01-2015,1,1.23,21,1
10845,QUICK,8,21-01-2015,04-02-2015,30-01-2015,1,212.98,9,1
10849,KOENE,9,23-01-2015,20-02-2015,30-01-2015,2,0.56,7,1
10850,VICTE,1,23-01-2015,06-03-2015,30-01-2015,1,49.19,7,1
10852,RATTC,8,26-01-2015,09-02-2015,30-01-2015,1,174.05,4,1
10851,RICAR,5,26-01-2015,23-02-2015,02-02-2015,1,160.55,7,1
10859,FRANK,1,29-01-2015,26-02-2015,02-02-2015,2,76.1,4,1
10862,LEHMS,8,30-01-2015,13-03-2015,02-02-2015,2,53.23,3,1
10853,BLAUS,9,27-01-2015,24-02-2015,03-02-2015,2,53.83,7,1
10858,LACOR,2,29-01-2015,26-02-2015,03-02-2015,1,52.51,5,1
10816,GREAL,4,06-01-2015,03-02-2015,04-02-2015,2,719.78,29,0
10828,RANCH,9,13-01-2015,27-01-2015,04-02-2015,1,90.85,22,0
10855,OLDWO,3,27-01-2015,24-02-2015,04-02-2015,1,170.97,8,1
10860,FRANR,3,29-01-2015,26-02-2015,04-02-2015,3,19.26,6,1
10854,ERNSH,3,27-01-2015,24-02-2015,05-02-2015,2,100.22,9,1
10826,BLONP,6,12-01-2015,09-02-2015,06-02-2015,1,7.09,25,1
10827,BONAP,1,12-01-2015,26-01-2015,06-02-2015,2,63.54,25,0
10857,BERGS,8,28-01-2015,25-02-2015,06-02-2015,2,188.85,9,1
10864,AROUT,4,02-02-2015,02-03-2015,09-02-2015,2,3.04,7,1
10869,SEVES,5,04-02-2015,04-03-2015,09-02-2015,1,143.28,5,1
10872,GODOS,5,05-02-2015,05-03-2015,09-02-2015,2,175.32,4,1
10873,WILMK,4,06-02-2015,06-03-2015,09-02-2015,1,0.82,3,1
10847,SAVEA,4,22-01-2015,05-02-2015,10-02-2015,3,487.57,19,0
10856,ANTON,3,28-01-2015,25-02-2015,10-02-2015,2,58.43,13,1
10871,BONAP,9,05-02-2015,05-03-2015,10-02-2015,2,112.27,5,1
10867,LONEP,6,03-02-2015,17-03-2015,11-02-2015,1,1.93,8,1
10874,GODOS,5,06-02-2015,06-03-2015,11-02-2015,2,19.58,5,1
10865,QUICK,2,02-02-2015,16-02-2015,12-02-2015,1,348.14,10,1
10866,BERGS,5,03-02-2015,03-03-2015,12-02-2015,1,109.11,9,1
10876,BONAP,7,09-02-2015,09-03-2015,12-02-2015,3,60.42,3,1
10878,QUICK,4,10-02-2015,10-03-2015,12-02-2015,1,46.69,2,1
10879,WILMK,3,10-02-2015,10-03-2015,12-02-2015,3,8.5,2,1
10870,WOLZA,5,04-02-2015,04-03-2015,13-02-2015,3,12.04,9,1
10884,LETSS,4,12-02-2015,12-03-2015,13-02-2015,2,90.97,1,1
10840,LINOD,4,19-01-2015,02-03-2015,16-02-2015,2,2.71,28,1
10887,GALED,8,13-02-2015,13-03-2015,16-02-2015,3,1.25,3,1
10861,WHITC,4,30-01-2015,27-02-2015,17-02-2015,2,14.93,18,1
10863,HILAA,4,02-02-2015,02-03-2015,17-02-2015,2,30.26,15,1
10880,FOLKO,7,10-02-2015,24-03-2015,18-02-2015,1,88.01,8,1
10881,CACTU,4,11-02-2015,11-03-2015,18-02-2015,1,2.84,7,1
10885,SUPRD,6,12-02-2015,12-03-2015,18-02-2015,3,5.64,6,1
10890,DUMON,7,16-02-2015,16-03-2015,18-02-2015,1,32.76,2,1
10877,RICAR,1,09-02-2015,09-03-2015,19-02-2015,1,38.06,10,1
10891,LEHMS,7,17-02-2015,17-03-2015,19-02-2015,2,20.37,2,1
10892,MAISD,4,17-02-2015,17-03-2015,19-02-2015,2,120.27,2,1
10882,SAVEA,4,11-02-2015,11-03-2015,20-02-2015,3,23.1,9,1
10883,LONEP,8,12-02-2015,12-03-2015,20-02-2015,3,0.53,8,1
10893,KOENE,9,18-02-2015,18-03-2015,20-02-2015,2,77.78,2,1
10894,SAVEA,1,18-02-2015,18-03-2015,20-02-2015,1,116.13,2,1
10868,QUEEN,7,04-02-2015,04-03-2015,23-02-2015,2,191.27,19,1
10888,GODOS,1,16-02-2015,16-03-2015,23-02-2015,2,51.87,7,1
10889,RATTC,9,16-02-2015,16-03-2015,23-02-2015,3,280.61,7,1
10895,ERNSH,3,18-02-2015,18-03-2015,23-02-2015,1,162.75,5,1
10897,HUNGO,3,19-02-2015,19-03-2015,25-02-2015,2,603.54,6,1
10899,LILAS,5,20-02-2015,20-03-2015,26-02-2015,3,1.21,6,1
10901,HILAA,4,23-02-2015,23-03-2015,26-02-2015,1,62.09,3,1
10896,MAISD,7,19-02-2015,19-03-2015,27-02-2015,3,32.45,8,1
10904,WHITC,3,24-02-2015,24-03-2015,27-02-2015,3,162.95,3,1
10907,SPECD,6,25-02-2015,25-03-2015,27-02-2015,3,9.19,2,1
10886,HANAR,1,13-02-2015,13-03-2015,02-03-2015,1,4.99,17,1
10914,QUEEN,6,27-02-2015,27-03-2015,02-03-2015,1,21.19,3,1
10915,TORTU,2,27-02-2015,27-03-2015,02-03-2015,2,3.51,3,1
10875,BERGS,4,06-02-2015,06-03-2015,03-03-2015,2,32.37,25,1
10902,FOLKO,1,23-02-2015,23-03-2015,03-03-2015,1,44.15,8,1
10906,WOLZA,4,25-02-2015,11-03-2015,03-03-2015,3,26.29,6,1
10900,WELLI,1,20-02-2015,20-03-2015,04-03-2015,2,1.66,12,1
10903,HANAR,3,24-02-2015,24-03-2015,04-03-2015,3,36.71,8,1
10910,WILMK,1,26-02-2015,26-03-2015,04-03-2015,3,38.11,6,1
10913,QUEEN,4,26-02-2015,26-03-2015,04-03-2015,1,33.05,6,1
10919,LINOD,2,02-03-2015,30-03-2015,04-03-2015,2,19.8,2,1
10911,GODOS,3,26-02-2015,26-03-2015,05-03-2015,1,38.19,7,1
10922,HANAR,5,03-03-2015,31-03-2015,05-03-2015,3,62.74,2,1
10898,OCEAN,4,20-02-2015,20-03-2015,06-03-2015,2,1.27,14,1
10905,WELLI,9,24-02-2015,24-03-2015,06-03-2015,2,13.72,10,1
10908,REGGC,4,26-02-2015,26-03-2015,06-03-2015,2,32.96,8,1
10916,RANCH,1,27-02-2015,27-03-2015,09-03-2015,2,63.77,10,1
10920,AROUT,4,03-03-2015,31-03-2015,09-03-2015,2,29.61,6,1
10921,VAFFE,1,03-03-2015,14-04-2015,09-03-2015,1,176.48,6,1
10909,SANTG,1,26-02-2015,26-03-2015,10-03-2015,2,53.05,12,1
10917,ROMEY,4,02-03-2015,30-03-2015,11-03-2015,2,8.29,9,1
10918,BOTTM,3,02-03-2015,30-03-2015,11-03-2015,3,48.83,9,1
10926,ANATR,4,04-03-2015,01-04-2015,11-03-2015,3,39.92,7,1
10929,FRANK,6,05-03-2015,02-04-2015,12-03-2015,1,33.93,7,1
10934,LEHMS,3,09-03-2015,06-04-2015,12-03-2015,3,32.01,3,1
10923,LAMAI,7,03-03-2015,14-04-2015,13-03-2015,3,68.26,10,1
10925,HANAR,3,04-03-2015,01-04-2015,13-03-2015,1,2.27,9,1
10937,CACTU,7,10-03-2015,24-03-2015,13-03-2015,3,31.51,3,1
10939,MAGAA,2,10-03-2015,07-04-2015,13-03-2015,2,76.33,3,1
10944,BOTTM,6,12-03-2015,26-03-2015,13-03-2015,3,52.92,1,1
10933,ISLAT,6,06-03-2015,03-04-2015,16-03-2015,3,54.15,10,1
10938,QUICK,3,10-03-2015,07-04-2015,16-03-2015,2,31.89,6,1
10947,BSBEV,3,13-03-2015,10-04-2015,16-03-2015,2,3.26,3,1
10949,BOTTM,2,13-03-2015,10-04-2015,17-03-2015,3,74.44,4,1
10912,HUNGO,2,26-02-2015,26-03-2015,18-03-2015,2,580.91,20,1
10928,GALED,1,05-03-2015,02-04-2015,18-03-2015,1,1.36,13,1
10930,SUPRD,4,06-03-2015,17-04-2015,18-03-2015,3,15.55,12,1
10935,WELLI,4,09-03-2015,06-04-2015,18-03-2015,3,47.59,9,1
10936,GREAL,3,09-03-2015,06-04-2015,18-03-2015,2,33.68,9,1
10942,REGGC,9,11-03-2015,08-04-2015,18-03-2015,3,17.95,7,1
10945,MORGK,4,12-03-2015,09-04-2015,18-03-2015,1,10.22,6,1
10931,RICSU,4,06-03-2015,20-03-2015,19-03-2015,2,13.6,13,1
10943,BSBEV,4,11-03-2015,08-04-2015,19-03-2015,2,2.17,8,1
10946,VAFFE,1,12-03-2015,09-04-2015,19-03-2015,2,27.2,7,1
10948,GODOS,3,13-03-2015,10-04-2015,19-03-2015,3,23.39,6,1
10941,SAVEA,7,11-03-2015,08-04-2015,20-03-2015,2,400.81,9,1
10954,LINOD,5,17-03-2015,28-04-2015,20-03-2015,1,27.91,3,1
10955,FOLKO,8,17-03-2015,14-04-2015,20-03-2015,2,3.26,3,1
10956,BLAUS,6,17-03-2015,28-04-2015,20-03-2015,2,44.65,3,1
10940,BONAP,8,11-03-2015,08-04-2015,23-03-2015,3,19.77,12,1
10950,MAGAA,1,16-03-2015,13-04-2015,23-03-2015,2,2.5,7,1
10959,GOURL,6,18-03-2015,29-04-2015,23-03-2015,2,4.98,5,1
10962,QUICK,8,19-03-2015,16-04-2015,23-03-2015,2,275.79,4,1
10932,BONAP,8,06-03-2015,03-04-2015,24-03-2015,1,134.64,18,1
10952,ALFKI,1,16-03-2015,27-04-2015,24-03-2015,1,40.42,8,1
10964,SPECD,3,20-03-2015,17-04-2015,24-03-2015,2,87.38,4,1
10953,AROUT,9,16-03-2015,30-03-2015,25-03-2015,2,23.72,9,1
10963,FURIB,9,19-03-2015,16-04-2015,26-03-2015,3,2.7,7,1
10972,LACOR,4,24-03-2015,21-04-2015,26-03-2015,2,0.02,2,1
10957,HILAA,8,18-03-2015,15-04-2015,27-03-2015,3,105.36,9,1
10958,OCEAN,7,18-03-2015,15-04-2015,27-03-2015,2,49.56,9,1
10973,LACOR,6,24-03-2015,21-04-2015,27-03-2015,2,15.17,3,1
10975,BOTTM,1,25-03-2015,22-04-2015,27-03-2015,3,32.27,2,1
10961,QUEEN,8,19-03-2015,16-04-2015,30-03-2015,1,104.47,11,1
10965,OLDWO,6,20-03-2015,17-04-2015,30-03-2015,3,144.38,10,1
10969,COMMI,1,23-03-2015,20-04-2015,30-03-2015,2,0.21,7,1
10979,ERNSH,8,26-03-2015,23-04-2015,31-03-2015,2,353.07,5,1
10968,ERNSH,1,23-03-2015,20-04-2015,01-04-2015,3,74.6,9,1
10967,TOMSP,2,23-03-2015,20-04-2015,02-04-2015,2,62.22,10,1
10971,FRANR,2,24-03-2015,21-04-2015,02-04-2015,2,121.82,9,1
10981,HANAR,1,27-03-2015,24-04-2015,02-04-2015,2,193.37,6,1
10985,HUNGO,2,30-03-2015,27-04-2015,02-04-2015,1,91.51,3,1
10989,QUEDE,2,31-03-2015,28-04-2015,02-04-2015,1,34.76,2,1
10974,SPLIR,3,25-03-2015,08-04-2015,03-04-2015,3,12.96,9,1
10976,HILAA,1,25-03-2015,06-05-2015,03-04-2015,1,37.97,9,1
10984,SAVEA,1,30-03-2015,27-04-2015,03-04-2015,3,211.22,4,1
10992,THEBI,1,01-04-2015,29-04-2015,03-04-2015,3,4.27,2,1
10983,SAVEA,2,27-03-2015,24-04-2015,06-04-2015,2,657.54,10,1
10987,EASTC,8,31-03-2015,28-04-2015,06-04-2015,1,185.48,6,1
10995,PERIC,1,02-04-2015,30-04-2015,06-04-2015,3,46,4,1
10951,RICSU,9,16-03-2015,27-04-2015,07-04-2015,2,30.85,22,1
10990,ERNSH,2,01-04-2015,13-05-2015,07-04-2015,3,117.61,6,1
10991,QUICK,1,01-04-2015,29-04-2015,07-04-2015,1,38.51,6,1
10924,BERGS,3,04-03-2015,01-04-2015,08-04-2015,2,151.52,35,0
10927,LACOR,4,05-03-2015,02-04-2015,08-04-2015,1,19.79,34,0
10960,HILAA,3,19-03-2015,02-04-2015,08-04-2015,1,2.08,20,0
10966,CHOPS,4,20-03-2015,17-04-2015,08-04-2015,1,27.19,19,1
10982,BOTTM,2,27-03-2015,24-04-2015,08-04-2015,1,14.01,12,1
11003,THECR,3,06-04-2015,04-05-2015,08-04-2015,3,14.91,2,1
10994,VAFFE,2,02-04-2015,16-04-2015,09-04-2015,3,65.53,7,1
10977,FOLKO,8,26-03-2015,23-04-2015,10-04-2015,3,208.5,15,1
10988,RATTC,3,31-03-2015,28-04-2015,10-04-2015,2,61.14,10,1
10993,FOLKO,7,01-04-2015,29-04-2015,10-04-2015,3,8.81,9,1
10996,QUICK,4,02-04-2015,30-04-2015,10-04-2015,2,1.12,8,1
10999,OTTIK,6,03-04-2015,01-05-2015,10-04-2015,2,96.35,7,1
11005,WILMK,2,07-04-2015,05-05-2015,10-04-2015,1,0.75,3,1
11009,GODOS,2,08-04-2015,06-05-2015,10-04-2015,1,59.11,2,1
11013,ROMEY,2,09-04-2015,07-05-2015,10-04-2015,1,32.99,1,1
10997,LILAS,8,03-04-2015,15-05-2015,13-04-2015,2,73.91,10,1
11007,PRINI,8,08-04-2015,06-05-2015,13-04-2015,2,202.24,5,1
11011,ALFKI,3,09-04-2015,07-05-2015,13-04-2015,1,1.21,4,1
11016,AROUT,9,10-04-2015,08-05-2015,13-04-2015,2,33.8,3,1
11000,RATTC,2,06-04-2015,04-05-2015,14-04-2015,3,55.12,8,1
11001,FOLKO,2,06-04-2015,04-05-2015,14-04-2015,2,197.3,8,1
11006,GREAL,3,07-04-2015,05-05-2015,15-04-2015,2,25.19,8,1
11014,LINOD,2,10-04-2015,08-05-2015,15-04-2015,3,23.6,5,1
11002,SAVEA,4,06-04-2015,04-05-2015,16-04-2015,1,141.16,10,1
11018,LONEP,4,13-04-2015,11-05-2015,16-04-2015,2,11.65,3,1
11020,OTTIK,2,14-04-2015,12-05-2015,16-04-2015,2,43.3,2,1
10980,FOLKO,4,27-03-2015,08-05-2015,17-04-2015,1,1.26,21,1
10998,WOLZA,8,03-04-2015,17-04-2015,17-04-2015,2,20.31,14,0
11012,FRANK,1,09-04-2015,23-04-2015,17-04-2015,3,242.95,8,1
11004,MAISD,3,07-04-2015,05-05-2015,20-04-2015,1,44.84,13,1
11015,SANTG,2,10-04-2015,24-04-2015,20-04-2015,2,4.62,10,1
11017,ERNSH,9,13-04-2015,11-05-2015,20-04-2015,2,754.26,7,1
11024,EASTC,4,15-04-2015,13-05-2015,20-04-2015,1,74.36,5,1
11027,BOTTM,1,16-04-2015,14-05-2015,20-04-2015,1,52.52,4,1
10986,OCEAN,8,30-03-2015,27-04-2015,21-04-2015,2,217.86,22,1
11010,REGGC,2,09-04-2015,07-05-2015,21-04-2015,2,28.71,12,1
11021,QUICK,3,14-04-2015,12-05-2015,21-04-2015,1,297.18,7,1
11028,KOENE,2,16-04-2015,14-05-2015,22-04-2015,1,29.59,6,1
11036,DRACD,8,20-04-2015,18-05-2015,22-04-2015,3,149.47,2,1
10978,MAISD,9,26-03-2015,23-04-2015,23-04-2015,2,32.82,28,0
11032,WHITC,2,17-04-2015,15-05-2015,23-04-2015,3,606.19,6,1
11033,RICSU,7,17-04-2015,15-05-2015,23-04-2015,3,84.74,6,1
10970,BOLID,9,24-03-2015,07-04-2015,24-04-2015,1,16.16,31,0
11023,BSBEV,1,14-04-2015,28-04-2015,24-04-2015,2,123.83,10,1
11025,WARTH,6,15-04-2015,13-05-2015,24-04-2015,3,29.17,9,1
11031,SAVEA,6,17-04-2015,15-05-2015,24-04-2015,2,227.22,7,1
11035,SUPRD,2,20-04-2015,18-05-2015,24-04-2015,2,0.17,4,1
11046,WANDK,8,23-04-2015,21-05-2015,24-04-2015,2,71.64,1,1
11029,CHOPS,4,16-04-2015,14-05-2015,27-04-2015,1,47.84,11,1
11030,SAVEA,7,17-04-2015,15-05-2015,27-04-2015,2,830.75,10,1
11034,OLDWO,8,20-04-2015,01-06-2015,27-04-2015,1,40.32,7,1
11037,GODOS,7,21-04-2015,19-05-2015,27-04-2015,1,3.2,6,1
11026,FRANS,4,15-04-2015,13-05-2015,28-04-2015,1,47.09,13,1
11041,CHOPS,3,22-04-2015,20-05-2015,28-04-2015,2,48.22,6,1
11043,SPECD,5,22-04-2015,20-05-2015,29-04-2015,2,8.8,7,1
11053,PICCO,2,27-04-2015,25-05-2015,29-04-2015,2,53.05,2,1
11038,SUPRD,1,21-04-2015,19-05-2015,30-04-2015,2,29.59,9,1
11048,BOTTM,7,24-04-2015,22-05-2015,30-04-2015,3,24.12,6,1
11042,COMMI,2,22-04-2015,06-05-2015,01-05-2015,1,29.99,9,1
11044,WOLZA,4,23-04-2015,21-05-2015,01-05-2015,1,8.72,8,1
11047,EASTC,7,24-04-2015,22-05-2015,01-05-2015,3,46.62,7,1
11052,HANAR,3,27-04-2015,25-05-2015,01-05-2015,1,67.26,4,1
11056,EASTC,8,28-04-2015,12-05-2015,01-05-2015,2,278.96,3,1
11057,NORTS,3,29-04-2015,27-05-2015,01-05-2015,3,4.13,2,1
11022,HANAR,9,14-04-2015,12-05-2015,04-05-2015,2,6.27,20,1
11049,GOURL,3,24-04-2015,22-05-2015,04-05-2015,1,8.34,10,1
11060,FRANS,2,30-04-2015,28-05-2015,04-05-2015,2,10.98,4,1
11064,SAVEA,1,01-05-2015,29-05-2015,04-05-2015,1,30.09,3,1
11066,WHITC,7,01-05-2015,29-05-2015,04-05-2015,2,44.72,3,1
11050,FOLKO,8,27-04-2015,25-05-2015,05-05-2015,2,59.41,8,1
11055,HILAA,7,28-04-2015,26-05-2015,05-05-2015,2,120.92,7,1
11063,HUNGO,3,30-04-2015,28-05-2015,06-05-2015,2,81.73,6,1
11067,DRACD,1,04-05-2015,18-05-2015,06-05-2015,2,7.98,2,1
11069,TORTU,1,04-05-2015,01-06-2015,06-05-2015,2,15.67,2,1
11008,ERNSH,7,08-04-2015,06-05-2015,21-04-2015,3,79.46,13,1
11019,RANCH,6,13-04-2015,11-05-2015,26-04-2015,3,3.17,13,1
11039,LINOD,1,21-04-2015,19-05-2015,04-05-2015,2,65,13,1
11040,GREAL,4,22-04-2015,20-05-2015,05-05-2015,3,18.84,13,1
11045,BOTTM,6,23-04-2015,21-05-2015,06-05-2015,2,70.58,13,1
11051,LAMAI,7,27-04-2015,25-05-2015,10-05-2015,3,2.79,13,1
11054,CACTU,8,28-04-2015,26-05-2015,11-05-2015,1,0.33,13,1
11058,BLAUS,9,29-04-2015,27-05-2015,12-05-2015,3,31.14,13,1
11059,RICAR,2,29-04-2015,10-06-2015,26-05-2015,2,85.8,27,1
11061,GREAL,4,30-04-2015,11-06-2015,27-05-2015,3,14.01,27,1
11062,REGGC,4,30-04-2015,28-05-2015,13-05-2015,2,29.93,13,1
11065,LILAS,8,01-05-2015,29-05-2015,14-05-2015,1,12.91,13,1
11068,QUEEN,8,04-05-2015,01-06-2015,17-05-2015,2,81.75,13,1
11070,LEHMS,2,05-05-2015,02-06-2015,18-05-2015,1,136,13,1
11071,LILAS,1,05-05-2015,02-06-2015,18-05-2015,1,0.93,13,1
11072,ERNSH,4,05-05-2015,02-06-2015,18-05-2015,2,258.64,13,1
11073,PERIC,2,05-05-2015,02-06-2015,18-05-2015,2,24.95,13,1
11074,SIMOB,7,06-05-2015,03-06-2015,19-05-2015,2,18.44,13,1
11075,RICSU,8,06-05-2015,03-06-2015,19-05-2015,2,6.19,13,1
11076,BONAP,4,06-05-2015,03-06-2015,19-05-2015,2,38.28,13,1
11077,RATTC,1,06-05-2015,03-06-2015,19-05-2015,2,8.53,13,1
